feature,importance
age,0.026165261210604623
amount,0.014714671193110795
merchant_cat,0.00856641197908974
is_international,0.0063881901115556946
hour,0.0038446460009364724
device_change,0.0014203261235191675
